benchmark,model,seed,scheduler_mode,scheduler_label,is_analysis_upper_bound,bucket_size,num_chains,dimension,num_steps,step_size,max_tree_depth,predictor_beta,t_mono,t_mode,speedup,padding_ratio,padding_count,mean_predictor_abs_error,mean_bucket_realized_max,mean_sum_bucket_realized_max,mean_global_realized_max,bucket_max_over_global_max,total_leapfrog_count,divergence_count,max_realized_tree_depth,executed_lane_steps,monolithic_executed_lane_steps,executed_work_ratio,oracle_plan_executed_lane_steps,oracle_plan_executed_work_ratio,hvp_overhead_seconds,hvp_call_count,timing_breakdown_enabled,timing_cold_run_seconds,timing_cold_compile_seconds,timing_warm_iteration_seconds,timing_planner_seconds,timing_executor_seconds,timing_gather_seconds,timing_scatter_seconds,timing_hvp_seconds,timing_total_profiled_seconds,timing_unattributed_seconds,timing_profiler_marker_count,timing_gather_scatter_seconds,timing_non_executor_overhead_seconds,timing_dominant_warm_component,timing_dominant_warm_component_seconds
oracle_gap,funnel,0,history,history,False,64,512,32,16,0.2,8,0.9,0.7467111796140671,0.7340511381626129,1.0172468112823083,0.0,0,1.2843352701165713,4.3203125,34.5625,5.1875,6.662650602409639,89756,0,6,175104,331776,0.5277777777777778,115200,0.3472222222222222,0.0,0,True,3.300711505115032,2.5666603669524193,0.7340511381626129,0.07049041986465454,0.5528010278940201,0.003987021744251251,0.021340258419513702,0.0,0.6486187279224396,0.08543241024017334,0,0.025327280163764954,0.18125011026859283,executor,0.5528010278940201
oracle_gap,funnel,0,history,history,False,128,512,32,16,0.2,8,0.9,0.7467111796140671,0.7378795519471169,1.0119689285922686,0.0,0,1.2843352701165713,4.4375,17.75,5.1875,3.4216867469879517,89756,0,6,196608,331776,0.5925925925925926,146432,0.44135802469135804,0.0,0,True,3.037370353937149,2.299490801990032,0.7378795519471169,0.06948038935661316,0.5278615802526474,0.004875645041465759,0.02124280482530594,0.0,0.6234604194760323,0.1144191324710846,0,0.026118449866771698,0.21001797169446945,executor,0.5278615802526474
oracle_gap,funnel,0,oracle_previous,oracle_previous,False,64,512,32,16,0.2,8,0.9,0.7467111796140671,0.7754129394888878,0.9629851935489503,0.0,0,0.3052978515625,4.359375,34.875,5.1875,6.72289156626506,89756,0,6,180224,331776,0.5432098765432098,115200,0.3472222222222222,0.0,0,True,0.7609009966254234,0.0,0.7754129394888878,0.07190875709056854,0.6060318425297737,0.004080191254615784,0.019404321908950806,0.0,0.7014251127839088,0.07398782670497894,0,0.02348451316356659,0.16938109695911407,executor,0.6060318425297737
oracle_gap,funnel,0,oracle_previous,oracle_previous,False,128,512,32,16,0.2,8,0.9,0.7467111796140671,0.7428035885095596,1.0052605980436202,0.0,0,0.3052978515625,4.453125,17.8125,5.1875,3.433734939759036,89756,0,6,198656,331776,0.5987654320987654,146432,0.44135802469135804,0.0,0,True,0.7924991697072983,0.04969558119773865,0.7428035885095596,0.07432220876216888,0.5348231196403503,0.0037150830030441284,0.02020174264907837,0.0,0.6330621540546417,0.10974143445491791,0,0.023916825652122498,0.2079804688692093,executor,0.5348231196403503
oracle_gap,funnel,0,oracle_current,oracle_current (analysis-only upper bound),True,64,512,32,16,0.2,8,0.9,0.7467111796140671,0.6348493099212646,1.176202238774861,0.0,0,0.0,3.6328125,29.0625,5.1875,5.602409638554217,89756,0,6,115200,331776,0.3472222222222222,115200,0.3472222222222222,0.0,0,True,0.6556002274155617,0.020750917494297028,0.6348493099212646,0.07270073145627975,0.47136279195547104,0.004211403429508209,0.022893644869327545,0.0,0.5711685717105865,0.0636807382106781,0,0.027105048298835754,0.1634865179657936,executor,0.47136279195547104
oracle_gap,funnel,0,oracle_current,oracle_current (analysis-only upper bound),True,128,512,32,16,0.2,8,0.9,0.7467111796140671,0.5797833576798439,1.2879141315856821,0.0,0,0.0,3.859375,15.4375,5.1875,2.9759036144578315,89756,0,6,146432,331776,0.44135802469135804,146432,0.44135802469135804,0.0,0,True,0.6614787578582764,0.08169540017843246,0.5797833576798439,0.0777459666132927,0.4469812214374542,0.004466108977794647,0.01983559876680374,0.0,0.5490288957953453,0.030754461884498596,0,0.02430170774459839,0.13280213624238968,executor,0.4469812214374542
oracle_gap,funnel,1,history,history,False,64,512,32,16,0.2,8,0.9,0.8106152787804604,0.6743906661868095,1.2019965865837117,0.0,0,1.2875288352224743,4.3359375,34.6875,5.1875,6.686746987951807,89140,0,6,177152,331776,0.5339506172839507,115200,0.3472222222222222,0.0,0,True,0.8364313840866089,0.16204071789979935,0.6743906661868095,0.06855706870555878,0.5936140939593315,0.003941260278224945,0.021018750965595245,0.0,0.6871311739087105,0.0,0,0.02496001124382019,0.09351707994937897,executor,0.5936140939593315
oracle_gap,funnel,1,history,history,False,128,512,32,16,0.2,8,0.9,0.8106152787804604,0.6871817782521248,1.179622778767932,0.0,0,1.2875288352224743,4.46875,17.875,5.1875,3.4457831325301207,89140,0,6,200704,331776,0.6049382716049383,146432,0.44135802469135804,0.0,0,True,0.7169635370373726,0.029781758785247803,0.6871817782521248,0.06814254075288773,0.4970126450061798,0.0033742859959602356,0.01708395779132843,0.0,0.5856134295463562,0.10156834870576859,0,0.020458243787288666,0.19016913324594498,executor,0.4970126450061798
oracle_gap,funnel,1,oracle_previous,oracle_previous,False,64,512,32,16,0.2,8,0.9,0.8106152787804604,0.7947584241628647,1.0199517918093137,0.0,0,0.305419921875,4.3671875,34.9375,5.1875,6.734939759036145,89140,0,6,181248,331776,0.5462962962962963,115200,0.3472222222222222,0.0,0,True,0.7455110475420952,0.0,0.7947584241628647,0.07282558083534241,0.5922827795147896,0.0038470402359962463,0.02094842493534088,0.0,0.6899038255214691,0.10485459864139557,0,0.024795465171337128,0.2024756446480751,executor,0.5922827795147896
oracle_gap,funnel,1,oracle_previous,oracle_previous,False,128,512,32,16,0.2,8,0.9,0.8106152787804604,0.700298085808754,1.157528908342373,0.0,0,0.305419921875,4.46875,17.875,5.1875,3.4457831325301207,89140,0,6,200704,331776,0.6049382716049383,146432,0.44135802469135804,0.0,0,True,0.7202875763177872,0.019989490509033203,0.700298085808754,0.07194063067436218,0.5244012996554375,0.0034257471561431885,0.01869206130504608,0.0,0.6184597387909889,0.08183834701776505,0,0.02211780846118927,0.1758967861533165,executor,0.5244012996554375
oracle_gap,funnel,1,oracle_current,oracle_current (analysis-only upper bound),True,64,512,32,16,0.2,8,0.9,0.8106152787804604,0.5402499213814735,1.5004449731480485,0.0,0,0.0,3.6328125,29.0625,5.1875,5.602409638554217,89140,0,6,115200,331776,0.3472222222222222,115200,0.3472222222222222,0.0,0,True,0.560750350356102,0.02050042897462845,0.5402499213814735,0.07261441648006439,0.37636709958314896,0.0036794617772102356,0.019971594214439392,0.0,0.472632572054863,0.06761734932661057,0,0.023651055991649628,0.16388282179832458,executor,0.37636709958314896
oracle_gap,funnel,1,oracle_current,oracle_current (analysis-only upper bound),True,128,512,32,16,0.2,8,0.9,0.8106152787804604,0.5598198771476746,1.447993027526296,0.0,0,0.0,3.859375,15.4375,5.1875,2.9759036144578315,89140,0,6,146432,331776,0.44135802469135804,146432,0.44135802469135804,0.0,0,True,0.6027458384633064,0.042925961315631866,0.5598198771476746,0.07804176211357117,0.37491539120674133,0.003857739269733429,0.019093573093414307,0.0,0.47590846568346024,0.08391141146421432,0,0.022951312363147736,0.18490448594093323,executor,0.37491539120674133
oracle_gap,funnel,2,history,history,False,64,512,32,16,0.2,8,0.9,0.7484618499875069,0.6433102861046791,1.163453882448442,0.0,0,1.285886229321477,4.328125,34.625,5.1875,6.674698795180723,89604,0,6,177408,331776,0.5347222222222222,114176,0.3441358024691358,0.0,0,True,0.6721290051937103,0.02881871908903122,0.6433102861046791,0.06324207037687302,0.46287310868501663,0.0031536146998405457,0.01669231802225113,0.0,0.5459611117839813,0.09734917432069778,0,0.019845932722091675,0.18043717741966248,executor,0.46287310868501663
oracle_gap,funnel,2,history,history,False,128,512,32,16,0.2,8,0.9,0.7484618499875069,0.6928489431738853,1.0802670009986062,0.0,0,1.285886229321477,4.4375,17.75,5.1875,3.4216867469879517,89604,0,6,198656,331776,0.5987654320987654,144384,0.4351851851851852,0.0,0,True,0.7099936008453369,0.01714465767145157,0.6928489431738853,0.06840202957391739,0.5457069650292397,0.003774993121623993,0.01822783052921295,0.0,0.636111818253994,0.05673712491989136,0,0.022002823650836945,0.1471419781446457,executor,0.5457069650292397
oracle_gap,funnel,2,oracle_previous,oracle_previous,False,64,512,32,16,0.2,8,0.9,0.7484618499875069,0.7350260615348816,1.0182793361429507,0.0,0,0.305908203125,4.3671875,34.9375,5.1875,6.734939759036145,89604,0,6,180992,331776,0.5455246913580247,114176,0.3441358024691358,0.0,0,True,0.7842140719294548,0.04918801039457321,0.7350260615348816,0.06533297151327133,0.5452832505106926,0.0034010708332061768,0.019400514662265778,0.0,0.6334178075194359,0.10160825401544571,0,0.022801585495471954,0.189742811024189,executor,0.5452832505106926
oracle_gap,funnel,2,oracle_previous,oracle_previous,False,128,512,32,16,0.2,8,0.9,0.7484618499875069,0.7196759954094887,1.0399983530944912,0.0,0,0.305908203125,4.46875,17.875,5.1875,3.4457831325301207,89604,0,6,200704,331776,0.6049382716049383,144384,0.4351851851851852,0.0,0,True,0.7020685523748398,0.0,0.7196759954094887,0.06503862887620926,0.5270136967301369,0.0035935789346694946,0.025184430181980133,0.0,0.6208303347229958,0.09884566068649292,0,0.028778009116649628,0.1926622986793518,executor,0.5270136967301369
oracle_gap,funnel,2,oracle_current,oracle_current (analysis-only upper bound),True,64,512,32,16,0.2,8,0.9,0.7484618499875069,0.5645450949668884,1.3257786785507462,0.0,0,0.0,3.6171875,28.9375,5.1875,5.578313253012048,89604,0,6,114176,331776,0.3441358024691358,114176,0.3441358024691358,0.0,0,True,0.650141142308712,0.08559604734182358,0.5645450949668884,0.07251423597335815,0.40687763690948486,0.003528311848640442,0.020633570849895477,0.0,0.5035537555813789,0.06099133938550949,0,0.02416188269853592,0.15766745805740356,executor,0.40687763690948486
oracle_gap,funnel,2,oracle_current,oracle_current (analysis-only upper bound),True,128,512,32,16,0.2,8,0.9,0.7484618499875069,0.6528191119432449,1.146507257974667,0.0,0,0.0,3.828125,15.3125,5.1875,2.9518072289156625,89604,0,6,144384,331776,0.4351851851851852,144384,0.4351851851851852,0.0,0,True,0.5507896393537521,0.0,0.6528191119432449,0.07131253927946091,0.43571075052022934,0.004349924623966217,0.01959679275751114,0.0,0.5309700071811676,0.12184910476207733,0,0.023946717381477356,0.2171083614230156,executor,0.43571075052022934
oracle_gap,funnel,3,history,history,False,64,512,32,16,0.2,8,0.9,0.8425289317965508,0.7181319296360016,1.1732230486167103,0.0,0,1.298771700632642,4.359375,34.875,5.3125,6.564705882352941,90902,0,6,182272,364544,0.5,119808,0.32865168539325845,0.0,0,True,0.8202754557132721,0.10214352607727051,0.7181319296360016,0.06782927364110947,0.6355383694171906,0.0036075934767723083,0.020318999886512756,0.0,0.7272942364215851,0.0,0,0.023926593363285065,0.09175586700439453,executor,0.6355383694171906
oracle_gap,funnel,3,history,history,False,128,512,32,16,0.2,8,0.9,0.8425289317965508,0.6922049149870872,1.2171669307090485,0.0,0,1.298771700632642,4.5,18.0,5.3125,3.388235294117647,90902,0,6,208896,364544,0.5730337078651685,155648,0.42696629213483145,0.0,0,True,0.721426472067833,0.029221557080745697,0.6922049149870872,0.0653974860906601,0.5277576893568039,0.0032697319984436035,0.018579542636871338,0.0,0.6150044500827789,0.07720046490430832,0,0.02184927463531494,0.16444722563028336,executor,0.5277576893568039
oracle_gap,funnel,3,oracle_previous,oracle_previous,False,64,512,32,16,0.2,8,0.9,0.8425289317965508,0.7377254292368889,1.1420630202053246,0.0,0,0.3050537109375,4.40625,35.25,5.3125,6.635294117647059,90902,0,6,188416,364544,0.5168539325842697,119808,0.32865168539325845,0.0,0,True,0.7647241279482841,0.026998698711395264,0.7377254292368889,0.06602320820093155,0.5466516390442848,0.0032046139240264893,0.016975820064544678,0.0,0.6328552812337875,0.10487014800310135,0,0.020180433988571167,0.19107379019260406,executor,0.5466516390442848
oracle_gap,funnel,3,oracle_previous,oracle_previous,False,128,512,32,16,0.2,8,0.9,0.8425289317965508,0.6866793259978294,1.2269612610984795,0.0,0,0.3050537109375,4.5625,18.25,5.3125,3.4352941176470586,90902,0,6,217088,364544,0.5955056179775281,155648,0.42696629213483145,0.0,0,True,0.7056765481829643,0.018997222185134888,0.6866793259978294,0.06702003628015518,0.5219247192144394,0.003919780254364014,0.018360890448093414,0.0,0.611225426197052,0.07545389980077744,0,0.022280670702457428,0.16475460678339005,executor,0.5219247192144394
oracle_gap,funnel,3,oracle_current,oracle_current (analysis-only upper bound),True,64,512,32,16,0.2,8,0.9,0.8425289317965508,0.5643487125635147,1.4929225725871187,0.0,0,0.0,3.65625,29.25,5.3125,5.5058823529411764,90902,0,6,119808,364544,0.32865168539325845,119808,0.32865168539325845,0.0,0,True,0.583820104598999,0.019471392035484314,0.5643487125635147,0.07295180857181549,0.36864320933818817,0.0034292489290237427,0.018529996275901794,0.0,0.4635542631149292,0.10079444944858551,0,0.021959245204925537,0.19570550322532654,executor,0.36864320933818817
oracle_gap,funnel,3,oracle_current,oracle_current (analysis-only upper bound),True,128,512,32,16,0.2,8,0.9,0.8425289317965508,0.5686771497130394,1.481559320999094,0.0,0,0.0,3.90625,15.625,5.3125,2.9411764705882355,90902,0,6,155648,364544,0.42696629213483145,155648,0.42696629213483145,0.0,0,True,0.6816168278455734,0.11293967813253403,0.5686771497130394,0.06500464677810669,0.3874260410666466,0.0031636804342269897,0.019089490175247192,0.0,0.47468385845422745,0.09399329125881195,0,0.022253170609474182,0.18125110864639282,executor,0.3874260410666466
oracle_gap,funnel,4,history,history,False,64,512,32,16,0.2,8,0.9,1.001761555671692,0.7598285898566246,1.3184046626367647,0.0,0,1.2821431051706895,4.359375,34.875,5.5,6.340909090909091,89760,0,7,193024,462848,0.4170353982300885,129536,0.27986725663716816,0.0,0,True,0.7859124690294266,0.02608387917280197,0.7598285898566246,0.06682298332452774,0.5690210834145546,0.0040736570954322815,0.020169787108898163,0.0,0.6600875109434128,0.09974107891321182,0,0.024243444204330444,0.19080750644207,executor,0.5690210834145546
oracle_gap,funnel,4,history,history,False,128,512,32,16,0.2,8,0.9,1.001761555671692,0.7600768357515335,1.3179740633474117,0.0,0,1.2821431051706895,4.515625,18.0625,5.5,3.284090909090909,89760,0,7,231424,462848,0.5,175104,0.37831858407079644,0.0,0,True,0.7895074188709259,0.029430583119392395,0.7600768357515335,0.06580239534378052,0.5765566974878311,0.004619956016540527,0.018162086606025696,0.0,0.6651411354541779,0.09493570029735565,0,0.022782042622566223,0.1835201382637024,executor,0.5765566974878311
oracle_gap,funnel,4,oracle_previous,oracle_previous,False,64,512,32,16,0.2,8,0.9,1.001761555671692,0.7587051317095757,1.3203568999387705,0.0,0,0.3118896484375,4.3984375,35.1875,5.5,6.3977272727272725,89760,0,7,196608,462848,0.4247787610619469,129536,0.27986725663716816,0.0,0,True,0.6833964288234711,0.0,0.7587051317095757,0.06726127862930298,0.6453203856945038,0.003375008702278137,0.019637733697891235,0.0,0.7355944067239761,0.023110724985599518,0,0.023012742400169373,0.11338474601507187,executor,0.6453203856945038
oracle_gap,funnel,4,oracle_previous,oracle_previous,False,128,512,32,16,0.2,8,0.9,1.001761555671692,0.7559658735990524,1.3251412407050058,0.0,0,0.3118896484375,4.53125,18.125,5.5,3.2954545454545454,89760,0,7,231424,462848,0.5,175104,0.37831858407079644,0.0,0,True,0.7246110513806343,0.0,0.7559658735990524,0.06619607657194138,0.566986583173275,0.005818061530590057,0.018605798482894897,0.0,0.6576065197587013,0.0983593538403511,0,0.024423860013484955,0.18897929042577744,executor,0.566986583173275
oracle_gap,funnel,4,oracle_current,oracle_current (analysis-only upper bound),True,64,512,32,16,0.2,8,0.9,1.001761555671692,0.6133890599012375,1.6331584978593956,0.0,0,0.0,3.640625,29.125,5.5,5.295454545454546,89760,0,7,129536,462848,0.27986725663716816,129536,0.27986725663716816,0.0,0,True,0.6239358186721802,0.010546758770942688,0.6133890599012375,0.07469697296619415,0.41342098265886307,0.0037570521235466003,0.02042580395936966,0.0,0.5123008117079735,0.10108824819326401,0,0.02418285608291626,0.19996807724237442,executor,0.41342098265886307
oracle_gap,funnel,4,oracle_current,oracle_current (analysis-only upper bound),True,128,512,32,16,0.2,8,0.9,1.001761555671692,0.6707772091031075,1.4934340971589386,0.0,0,0.0,3.875,15.5,5.5,2.8181818181818183,89760,0,7,175104,462848,0.37831858407079644,175104,0.37831858407079644,0.0,0,True,0.7144955992698669,0.04371839016675949,0.6707772091031075,0.0747688040137291,0.4733322858810425,0.0044147297739982605,0.021102294325828552,0.0,0.5736181139945984,0.09715909510850906,0,0.025517024099826813,0.19744492322206497,executor,0.4733322858810425
