source_csv,model,model_family,parameterization,seed,method,baseline_type,predictor,bucket_size,num_chains,dimension,num_groups,observations_per_group,num_observations,num_features,time_length,kernel,input_dimension,data_seed,jitter,num_steps,step_size,max_tree_depth,hmc_num_leapfrog_steps,independent_baseline_kind,predictor_beta,time_seconds,speedup_vs_monolithic,t_mono,t_bucket,speedup,mono_total_leapfrog_count,mono_divergence_count,mono_max_realized_tree_depth,method_total_leapfrog_count,method_divergence_count,method_max_realized_tree_depth,bucket_total_leapfrog_count,bucket_divergence_count,bucket_max_realized_tree_depth,bucket_num_buckets,bucket_padding_count,bucket_padding_ratio,bucket_hvp_overhead_seconds,bucket_hvp_call_count,benchmark,scheduler_mode,scheduler_label,is_analysis_upper_bound,t_mode,padding_ratio,padding_count,mean_predictor_abs_error,mean_bucket_realized_max,mean_sum_bucket_realized_max,mean_global_realized_max,bucket_max_over_global_max,total_leapfrog_count,divergence_count,max_realized_tree_depth,hvp_overhead_seconds,hvp_call_count,timing_breakdown_enabled,timing_cold_run_seconds,timing_cold_compile_seconds,timing_warm_iteration_seconds,timing_planner_seconds,timing_executor_seconds,timing_gather_seconds,timing_scatter_seconds,timing_hvp_seconds,timing_total_profiled_seconds,timing_unattributed_seconds,timing_profiler_marker_count
results/raw/baselines/fixed_hmc_tiny/summary.csv,funnel,,,0,fixed_hmc,fixed_length_hmc,fixed_hmc,0,4,4,,,,,,,,,,1,0.03,2,3,,0.9,0.22468401491641998,17.556828961163962,3.944738820195198,0.22468401491641998,17.556828961163962,6,0,2,12,0,0,12,0,0,,0,0.0,0.0,0,,,,,,,,,,,,,,,,,,,,,,,,,,,,,
results/raw/baselines/nuts_tiny/summary.csv,funnel,,,0,monolithic,nuts_reference,monolithic,0,4,4,,,,,,,,,,1,0.03,2,,,0.9,3.8153348863124847,1.0,3.8153348863124847,3.8153348863124847,1.0,6,0,2,6,0,2,6,0,2,,0,0.0,0.0,0,,,,,,,,,,,,,,,,,,,,,,,,,,,,,
results/raw/baselines/nuts_tiny/summary.csv,funnel,,,0,bucketed,bucketed_nuts,none,2,4,4,,,,,,,,,,1,0.03,2,,,0.9,4.744529753923416,0.8041544861548086,3.8153348863124847,4.744529753923416,0.8041544861548086,6,0,2,6,0,2,6,0,2,2,0,0.0,0.0,0,,,,,,,,,,,,,,,,,,,,,,,,,,,,,
results/raw/baselines/nuts_tiny/summary.csv,funnel,,,0,bucketed,bucketed_nuts,none,4,4,4,,,,,,,,,,1,0.03,2,,,0.9,0.931248240172863,4.097011647081623,3.8153348863124847,0.931248240172863,4.097011647081623,6,0,2,6,0,2,6,0,2,1,0,0.0,0.0,0,,,,,,,,,,,,,,,,,,,,,,,,,,,,,
results/raw/baselines/nuts_tiny/summary.csv,funnel,,,0,bucketed,bucketed_nuts,random,2,4,4,,,,,,,,,,1,0.03,2,,,0.9,0.7347244396805763,5.192878690643819,3.8153348863124847,0.7347244396805763,5.192878690643819,6,0,2,6,0,2,6,0,2,2,0,0.0,0.0,0,,,,,,,,,,,,,,,,,,,,,,,,,,,,,
results/raw/baselines/nuts_tiny/summary.csv,funnel,,,0,bucketed,bucketed_nuts,random,4,4,4,,,,,,,,,,1,0.03,2,,,0.9,0.34781960397958755,10.969292249945736,3.8153348863124847,0.34781960397958755,10.969292249945736,6,0,2,6,0,2,6,0,2,1,0,0.0,0.0,0,,,,,,,,,,,,,,,,,,,,,,,,,,,,,
results/raw/baselines/nuts_tiny/summary.csv,funnel,,,0,bucketed,bucketed_nuts,history,2,4,4,,,,,,,,,,1,0.03,2,,,0.9,0.6154719069600105,6.199039863829855,3.8153348863124847,0.6154719069600105,6.199039863829855,6,0,2,6,0,2,6,0,2,2,0,0.0,0.0,0,,,,,,,,,,,,,,,,,,,,,,,,,,,,,
results/raw/baselines/nuts_tiny/summary.csv,funnel,,,0,bucketed,bucketed_nuts,history,4,4,4,,,,,,,,,,1,0.03,2,,,0.9,0.32124435156583786,11.876737653799792,3.8153348863124847,0.32124435156583786,11.876737653799792,6,0,2,6,0,2,6,0,2,1,0,0.0,0.0,0,,,,,,,,,,,,,,,,,,,,,,,,,,,,,
results/raw/chain_scaling/tiny/summary.csv,funnel,,,0,,,history,4,4,4,,,,,,,,,,1,0.03,2,,,0.9,,,3.9851574301719666,1.306490994989872,3.050275467228046,6,0,2,,,,6,0,2,1,0,0.0,,,,,,,,,,,,,,,,,,,,,,,,,,,,,,,
results/raw/chain_scaling/tiny/summary.csv,funnel,,,0,,,history,4,8,4,,,,,,,,,,1,0.03,2,,,0.9,,,3.8274894431233406,1.0918299928307533,3.505572724925727,14,0,2,,,,14,0,2,2,0,0.0,,,,,,,,,,,,,,,,,,,,,,,,,,,,,,,
results/raw/dimension_scaling/tiny/summary.csv,funnel,,,0,,,history,4,8,4,,,,,,,,,,1,0.03,2,,,0.9,,,3.8320190757513046,4.8493747636675835,0.7902088954768981,14,0,2,,,,14,0,2,2,0,0.0,,,,,,,,,,,,,,,,,,,,,,,,,,,,,,,
results/raw/dimension_scaling/tiny/summary.csv,funnel,,,0,,,history,4,8,8,,,,,,,,,,1,0.03,2,,,0.9,,,1.1918312087655067,1.6648939028382301,0.7158601558536137,14,0,2,,,,14,0,2,2,0,0.0,,,,,,,,,,,,,,,,,,,,,,,,,,,,,,,
results/raw/eight_schools/tiny_centered/summary.csv,eight_schools_centered,,centered,0,,,history,2,4,10,,,,,,,,,,1,0.02,2,,,0.9,,,4.722015552222729,5.722443573176861,0.8251746813820068,6,0,2,,,,6,0,2,2,0,0.0,0.0,0,,,,,,,,,,,,,,,,,,,,,,,,,,,,,
results/raw/eight_schools/tiny_centered/summary.csv,eight_schools_centered,,centered,0,,,history,4,4,10,,,,,,,,,,1,0.02,2,,,0.9,,,4.722015552222729,1.046180136501789,4.513577908305711,6,0,2,,,,6,0,2,1,0,0.0,0.0,0,,,,,,,,,,,,,,,,,,,,,,,,,,,,,
results/raw/eight_schools/tiny_noncentered/summary.csv,eight_schools_noncentered,,noncentered,0,,,history,2,4,10,,,,,,,,,,1,0.02,2,,,0.9,,,4.609620936214924,5.719881772994995,0.8058944431295954,6,0,2,,,,6,0,2,2,0,0.0,0.0,0,,,,,,,,,,,,,,,,,,,,,,,,,,,,,
results/raw/eight_schools/tiny_noncentered/summary.csv,eight_schools_noncentered,,noncentered,0,,,history,4,4,10,,,,,,,,,,1,0.02,2,,,0.9,,,4.609620936214924,1.1412833705544472,4.038980199961665,6,0,2,,,,6,0,2,1,0,0.0,0.0,0,,,,,,,,,,,,,,,,,,,,,,,,,,,,,
results/raw/funnel_ablation/tiny/summary.csv,funnel,,,0,,,none,2,4,4,,,,,,,,,,1,0.03,2,,,0.9,,,4.136995643377304,4.821266457438469,0.8580723923678931,6,0,2,,,,6,0,2,2,0,0.0,,,,,,,,,,,,,,,,,,,,,,,,,,,,,,,
results/raw/funnel_ablation/tiny/summary.csv,funnel,,,0,,,none,4,4,4,,,,,,,,,,1,0.03,2,,,0.9,,,4.136995643377304,1.0733798444271088,3.8541767528580047,6,0,2,,,,6,0,2,1,0,0.0,,,,,,,,,,,,,,,,,,,,,,,,,,,,,,,
results/raw/funnel_ablation/tiny/summary.csv,funnel,,,0,,,random,2,4,4,,,,,,,,,,1,0.03,2,,,0.9,,,4.136995643377304,0.7999626398086548,5.171486063857736,6,0,2,,,,6,0,2,2,0,0.0,,,,,,,,,,,,,,,,,,,,,,,,,,,,,,,
results/raw/funnel_ablation/tiny/summary.csv,funnel,,,0,,,random,4,4,4,,,,,,,,,,1,0.03,2,,,0.9,,,4.136995643377304,0.3430227115750313,12.060413213987424,6,0,2,,,,6,0,2,1,0,0.0,,,,,,,,,,,,,,,,,,,,,,,,,,,,,,,
results/raw/funnel_ablation/tiny/summary.csv,funnel,,,0,,,history,2,4,4,,,,,,,,,,1,0.03,2,,,0.9,,,4.136995643377304,0.6387331113219261,6.47687675814293,6,0,2,,,,6,0,2,2,0,0.0,,,,,,,,,,,,,,,,,,,,,,,,,,,,,,,
results/raw/funnel_ablation/tiny/summary.csv,funnel,,,0,,,history,4,4,4,,,,,,,,,,1,0.03,2,,,0.9,,,4.136995643377304,0.33289115130901337,12.427472545033343,6,0,2,,,,6,0,2,1,0,0.0,,,,,,,,,,,,,,,,,,,,,,,,,,,,,,,
results/raw/gp/tiny/summary.csv,gaussian_process,gaussian_process,log_hyperparameters,0,,,history,2,4,3,,,8,,,squared_exponential,1,37,1e-05,1,0.005,2,,,0.9,,,5.968248583376408,6.8684253841638565,0.8689398587829262,6,0,2,,,,6,0,2,2,0,0.0,0.0,0,,,,,,,,,,,,,,,,,,,,,,,,,,,,,
results/raw/gp/tiny/summary.csv,gaussian_process,gaussian_process,log_hyperparameters,0,,,history,4,4,3,,,8,,,squared_exponential,1,37,1e-05,1,0.005,2,,,0.9,,,5.968248583376408,1.190337412059307,5.013913301314473,6,0,2,,,,6,0,2,1,0,0.0,0.0,0,,,,,,,,,,,,,,,,,,,,,,,,,,,,,
results/raw/hier_logistic/tiny/summary.csv,hierarchical_logistic,hierarchical_logistic,noncentered_group_effects,0,,,history,2,4,8,4,3,12,2,,,,,,1,0.015,2,,,0.9,,,6.125850513577461,7.087646164000034,0.8642997085114408,6,0,2,,,,6,0,2,2,0,0.0,0.0,0,,,,,,,,,,,,,,,,,,,,,,,,,,,,,
results/raw/hier_logistic/tiny/summary.csv,hierarchical_logistic,hierarchical_logistic,noncentered_group_effects,0,,,history,4,4,8,4,3,12,2,,,,,,1,0.015,2,,,0.9,,,6.125850513577461,1.165505327284336,5.255960972611669,6,0,2,,,,6,0,2,1,0,0.0,0.0,0,,,,,,,,,,,,,,,,,,,,,,,,,,,,,
results/raw/hvp_tiny/summary.csv,funnel,,,0,,,history,2,4,4,,,,,,,,,,1,0.03,2,,,0.9,,,4.444004341959953,5.336968652904034,0.8326832385537459,6,0,2,,,,6,0,2,2,0,0.0,0.0,0,,,,,,,,,,,,,,,,,,,,,,,,,,,,,
results/raw/hvp_tiny/summary.csv,funnel,,,0,,,history,4,4,4,,,,,,,,,,1,0.03,2,,,0.9,,,4.444004341959953,1.0323119387030602,4.304904530643282,6,0,2,,,,6,0,2,1,0,0.0,0.0,0,,,,,,,,,,,,,,,,,,,,,,,,,,,,,
results/raw/hvp_tiny/summary.csv,funnel,,,0,,,hvp,2,4,4,,,,,,,,,,1,0.03,2,,,0.9,,,4.444004341959953,1.4794758409261703,3.003769456064893,6,0,2,,,,6,0,2,2,0,0.0,0.8338822051882744,1,,,,,,,,,,,,,,,,,,,,,,,,,,,,,
results/raw/hvp_tiny/summary.csv,funnel,,,0,,,hvp,4,4,4,,,,,,,,,,1,0.03,2,,,0.9,,,4.444004341959953,0.37845948338508606,11.742351657332199,6,0,2,,,,6,0,2,1,0,0.0,0.03780445456504822,1,,,,,,,,,,,,,,,,,,,,,,,,,,,,,
results/raw/hvp_tiny/summary.csv,funnel,,,0,,,hybrid,2,4,4,,,,,,,,,,1,0.03,2,,,0.9,,,4.444004341959953,0.7259035706520081,6.122031247164606,6,0,2,,,,6,0,2,2,0,0.0,0.03777503967285156,1,,,,,,,,,,,,,,,,,,,,,,,,,,,,,
results/raw/hvp_tiny/summary.csv,funnel,,,0,,,hybrid,4,4,4,,,,,,,,,,1,0.03,2,,,0.9,,,4.444004341959953,0.4082437828183174,10.88566324582018,6,0,2,,,,6,0,2,1,0,0.0,0.03927808254957199,1,,,,,,,,,,,,,,,,,,,,,,,,,,,,,
results/raw/oracle_gap/tiny/summary.csv,funnel,,,0,,,,0,4,4,,,,,,,,,,2,0.03,2,,,0.9,,,4.2615610137581825,,1.0,,,,,,,,,,,,,,,oracle_gap,monolithic,monolithic,False,4.2615610137581825,0.0,0,0.0,2.0,2.0,2.0,1.0,14,0,2,0.0,0,,,,,,,,,,,,
results/raw/oracle_gap/tiny/summary.csv,funnel,,,0,,,,2,4,4,,,,,,,,,,2,0.03,2,,,0.9,,,4.2615610137581825,,0.7772989789250254,,,,,,,,,,,,,,,oracle_gap,unsorted,unsorted,False,5.482524909079075,0.0,0,0.375,1.75,3.5,2.0,1.75,14,0,2,0.0,0,,,,,,,,,,,,
results/raw/oracle_gap/tiny/summary.csv,funnel,,,0,,,,2,4,4,,,,,,,,,,2,0.03,2,,,0.9,,,4.2615610137581825,,3.2193665607101702,,,,,,,,,,,,,,,oracle_gap,random,random,False,1.3237265571951866,0.0,0,0.7621550112962723,1.5,3.0,2.0,1.5,14,0,2,0.0,0,,,,,,,,,,,,
results/raw/oracle_gap/tiny/summary.csv,funnel,,,0,,,,2,4,4,,,,,,,,,,2,0.03,2,,,0.9,,,4.2615610137581825,,3.5581250874131753,,,,,,,,,,,,,,,oracle_gap,history,history,False,1.1976984813809395,0.0,0,0.36249999701976776,1.5,3.0,2.0,1.5,14,0,2,0.0,0,,,,,,,,,,,,
results/raw/oracle_gap/tiny/summary.csv,funnel,,,0,,,,2,4,4,,,,,,,,,,2,0.03,2,,,0.9,,,4.2615610137581825,,2.036211709130232,,,,,,,,,,,,,,,oracle_gap,hvp,hvp,False,2.0928869992494583,0.0,0,0.5931826829910278,1.5,3.0,2.0,1.5,14,0,2,0.7994066923856735,2,,,,,,,,,,,,
results/raw/oracle_gap/tiny/summary.csv,funnel,,,0,,,,2,4,4,,,,,,,,,,2,0.03,2,,,0.9,,,4.2615610137581825,,2.9554459232854073,,,,,,,,,,,,,,,oracle_gap,hybrid,hybrid,False,1.4419350326061249,0.0,0,0.5931826829910278,1.5,3.0,2.0,1.5,14,0,2,0.07918039709329605,2,,,,,,,,,,,,
results/raw/oracle_gap/tiny/summary.csv,funnel,,,0,,,,2,4,4,,,,,,,,,,2,0.03,2,,,0.9,,,4.2615610137581825,,3.2217965506106427,,,,,,,,,,,,,,,oracle_gap,oracle_previous,oracle_previous,False,1.322728157043457,0.0,0,0.25,1.5,3.0,2.0,1.5,14,0,2,0.0,0,,,,,,,,,,,,
results/raw/oracle_gap/tiny/summary.csv,funnel,,,0,,,,2,4,4,,,,,,,,,,2,0.03,2,,,0.9,,,4.2615610137581825,,3.3404302630556613,,,,,,,,,,,,,,,oracle_gap,oracle_current,oracle_current (analysis-only upper bound),True,1.2757521271705627,0.0,0,0.0,1.5,3.0,2.0,1.5,14,0,2,0.0,0,,,,,,,,,,,,
results/raw/profiling/tiny/summary.csv,funnel,,,0,bucketed,bucketed_nuts,none,2,4,4,,,,,,,,,,1,0.03,2,,,0.9,0.6201046109199524,0.43447775531019034,0.26942165940999985,0.6201046109199524,0.43447775531019034,6,0,2,6,0,2,6,0,2,2,0,0.0,0.0,0,,,,,,,,,,,,,,,,,,True,4.690723299980164,4.070618689060211,0.6201046109199524,0.005052879452705383,0.5077919736504555,0.007161378860473633,0.052004337310791016,0.0,0.5720105692744255,0.048094041645526886,0
results/raw/profiling/tiny/summary.csv,funnel,,,0,bucketed,bucketed_nuts,none,4,4,4,,,,,,,,,,1,0.03,2,,,0.9,0.32601427286863327,0.8264106262567306,0.26942165940999985,0.32601427286863327,0.8264106262567306,6,0,2,6,0,2,6,0,2,1,0,0.0,0.0,0,,,,,,,,,,,,,,,,,,True,0.9177308604121208,0.5917165875434875,0.32601427286863327,0.004641234874725342,0.2468426153063774,0.003429196774959564,0.024132966995239258,0.0,0.2790460139513016,0.046968258917331696,0
results/raw/profiling/tiny/summary.csv,funnel,,,0,bucketed,bucketed_nuts,random,2,4,4,,,,,,,,,,1,0.03,2,,,0.9,0.5946617871522903,0.4530670462284171,0.26942165940999985,0.5946617871522903,0.4530670462284171,6,0,2,6,0,2,6,0,2,2,0,0.0,0.0,0,,,,,,,,,,,,,,,,,,True,0.7017273157835007,0.10706552863121033,0.5946617871522903,0.003336116671562195,0.4890068545937538,0.006844125688076019,0.048988573253154755,0.0,0.5481756702065468,0.04648611694574356,0
results/raw/profiling/tiny/summary.csv,funnel,,,0,bucketed,bucketed_nuts,random,4,4,4,,,,,,,,,,1,0.03,2,,,0.9,0.3328571170568466,0.8094213571043667,0.26942165940999985,0.3328571170568466,0.8094213571043667,6,0,2,6,0,2,6,0,2,1,0,0.0,0.0,0,,,,,,,,,,,,,,,,,,True,0.3412613347172737,0.008404217660427094,0.3328571170568466,0.0034381449222564697,0.2535344660282135,0.0035196542739868164,0.02567027509212494,0.0,0.2861625403165817,0.04669457674026489,0
results/raw/profiling/tiny/summary.csv,funnel,,,0,bucketed,bucketed_nuts,history,2,4,4,,,,,,,,,,1,0.03,2,,,0.9,0.657690979540348,0.4096477947717867,0.26942165940999985,0.657690979540348,0.4096477947717867,6,0,2,6,0,2,6,0,2,2,0,0.0,0.0,0,,,,,,,,,,,,,,,,,,True,0.6073529794812202,0.0,0.657690979540348,0.0032537132501602173,0.5014733523130417,0.006998859345912933,0.04904220998287201,0.0,0.5607681348919868,0.0969228446483612,0
results/raw/profiling/tiny/summary.csv,funnel,,,0,bucketed,bucketed_nuts,history,4,4,4,,,,,,,,,,1,0.03,2,,,0.9,0.32301101088523865,0.8340943507517817,0.26942165940999985,0.32301101088523865,0.8340943507517817,6,0,2,6,0,2,6,0,2,1,0,0.0,0.0,0,,,,,,,,,,,,,,,,,,True,0.3347282335162163,0.01171722263097763,0.32301101088523865,0.003320246934890747,0.24449827522039413,0.003645852208137512,0.02648216485977173,0.0,0.2779465392231941,0.045064471662044525,0
results/raw/stoch_vol/tiny/summary.csv,stochastic_volatility,stochastic_volatility,,0,,,history,2,4,6,,,6,,6,,,,,1,0.01,2,,,0.9,,,4.791454538702965,5.600429967045784,0.85555119283644,6,0,2,,,,6,0,2,2,0,0.0,0.0,0,,,,,,,,,,,,,,,,,,,,,,,,,,,,,
results/raw/stoch_vol/tiny/summary.csv,stochastic_volatility,stochastic_volatility,,0,,,history,4,4,6,,,6,,6,,,,,1,0.01,2,,,0.9,,,4.791454538702965,1.0511465072631836,4.55831276191768,6,0,2,,,,6,0,2,1,0,0.0,0.0,0,,,,,,,,,,,,,,,,,,,,,,,,,,,,,
